patient_id,name,email,age,gender,city,registration_date,insurance
PAT001,Paul Payne,dawnyoung@yahoo.com,54,Other,Andersontown,2021-05-19,Yes
PAT002,Jose Henry,qmeyers@freeman.info,79,Female,East Julieport,2021-06-17,No
PAT003,Arthur Adams,davidcowan@sandoval-brown.com,24,Female,West Davidstad,2023-05-23,Yes
PAT004,Rachel Flores,jamesparker@gmail.com,31,Female,Breannabury,2023-02-13,Yes
PAT005,Tiffany Nelson,cbanks@walton.com,36,Male,Brianaland,2021-04-29,Yes
PAT006,Mrs. Crystal Williams,christinemorrison@williams.com,22,Female,North Kimberly,2023-05-13,Yes
PAT007,Mrs. Teresa Collins,jaimedixon@williams.org,43,Male,Hamiltonhaven,2024-03-25,Yes
PAT008,Calvin Shannon,hyoung@henderson.com,97,Other,Millerberg,2024-06-27,No
PAT009,Lori Sawyer,dunnlisa@pearson.org,88,Male,West Rebekahview,2023-03-02,No
PAT010,Michael Rodriguez,hlloyd@gmail.com,86,Male,South Angelashire,2023-12-05,Yes
PAT011,Tracy Collins,andrew39@smith.net,66,Male,Lake Joseph,2024-04-11,Yes
PAT012,Meredith Flynn,jacobbaxter@johnson.com,49,Other,Baileyberg,2022-05-08,Yes
PAT013,Ronald Fernandez,briannarodriguez@cohen.com,70,Other,South Willie,2022-04-08,Yes
PAT014,Michael Barker,marcustaylor@williamson-jones.com,69,Female,West Patrick,2021-07-11,No
PAT015,Kelly Harris,dmccoy@gmail.com,29,Other,New Alexanderland,2023-01-25,Yes
PAT016,Penny Hayes,andrewstewart@yahoo.com,78,Other,East Amber,2025-03-13,No
PAT017,Jacqueline Powell,obennett@hotmail.com,73,Female,North Lisafort,2024-11-04,No
PAT018,Sarah Cruz,shoover@rivera.com,62,Other,East Debra,2025-03-13,No
PAT019,Amanda Michael,mooretammy@estrada.com,13,Female,Marshside,2023-02-02,No
PAT020,Glenn Lee,jose71@henderson.biz,45,Female,Port Jessica,2020-05-04,Yes
PAT021,Phillip Huynh,wellschad@hardin.com,19,Male,Frankville,2024-10-04,No
PAT022,Jeremy Simmons,petersenjeffrey@jones.org,4,Female,Masonville,2024-03-04,Yes
PAT023,Justin Wood,colleen59@hotmail.com,98,Female,New Toni,2020-07-04,No
PAT024,Natalie Rios,william95@gmail.com,37,Male,North Joshuamouth,2020-10-13,No
PAT025,Joel Sharp,kmartinez@english-moore.com,83,Female,Ronaldhaven,2021-02-04,No
PAT026,Larry Robinson,tammyfrench@nguyen-clark.com,71,Other,North Timothy,2022-10-19,Yes
PAT027,Dana Smith,dillon18@chen-cummings.net,58,Male,East Amyside,2024-05-13,Yes
PAT028,Jonathon Bennett,oscar77@porter-griffin.com,74,Female,Brittanyton,2024-01-21,Yes
PAT029,Steven Jensen MD,petersenmark@hotmail.com,65,Female,Edwinfort,2023-07-22,Yes
PAT030,Tyler Diaz,johnsonandrew@gmail.com,34,Other,Lake Danielleberg,2021-05-12,No
PAT031,Richard Duarte,willisandrea@gmail.com,37,Male,West Brenda,2023-04-15,Yes
PAT032,Becky Saunders,jasonfreeman@gmail.com,51,Female,New David,2020-08-12,No
PAT033,Tara Robinson MD,perkinsyvonne@jones.com,73,Other,New Stephanie,2022-03-01,Yes
PAT034,Lee Vincent,klee@hansen.com,50,Male,Lake Yvonne,2023-03-13,No
PAT035,Kenneth Warner,tjones@todd-riley.com,87,Female,South Stephanieburgh,2021-04-28,No
PAT036,Dr. Melissa Fox,cmosley@gmail.com,48,Other,Port Kelly,2021-03-25,No
PAT037,Robert Patterson,qlawrence@yahoo.com,55,Female,New Allison,2023-03-16,Yes
PAT038,William Fry,dwest@hotmail.com,8,Female,Stevenschester,2020-08-09,Yes
PAT039,Erin Palmer,brownmichelle@gmail.com,75,Female,Kelseytown,2021-06-17,Yes
PAT040,Debbie Sanders,rwilliams@gmail.com,84,Male,Mcguirechester,2020-05-01,Yes
PAT041,Benjamin Robles,amy89@yahoo.com,51,Other,Johnberg,2022-03-04,No
PAT042,Michelle Mccullough,xevans@smith.biz,97,Female,Leachstad,2020-08-28,Yes
PAT043,Edward White,psmith@yahoo.com,2,Male,Kristinabury,2022-08-08,Yes
PAT044,Adriana Moody,pearsondarlene@perez.com,36,Other,North Jacob,2021-08-13,Yes
PAT045,Joshua Pearson,xhendricks@hotmail.com,77,Male,Port Toni,2021-11-09,Yes
PAT046,Shawna Turner,lmann@yahoo.com,91,Other,East Debra,2021-02-01,No
PAT047,Joseph Gonzalez,jonesbrenda@gmail.com,9,Other,Ambershire,2023-06-16,Yes
PAT048,Susan Wheeler,jprice@yahoo.com,81,Female,South Jessica,2020-07-04,Yes
PAT049,Mary Acosta,icolon@rivera.com,64,Other,Lake Andrea,2020-09-15,No
PAT050,Cindy Martinez,larry44@johnston.com,83,Female,Kylechester,2024-10-11,No
PAT051,Sue Payne,dsteele@hotmail.com,94,Female,Meyerchester,2024-10-12,No
PAT052,Cynthia Coleman,moralesmatthew@gmail.com,67,Male,Lake Michelleshire,2021-07-09,Yes
PAT053,Janet Estes,jrojas@alexander.com,4,Male,Brownfort,2023-09-16,Yes
PAT054,Alexis Jones,daymarcia@yahoo.com,56,Male,Hannahfort,2022-03-26,Yes
PAT055,Anthony Hall,maureen03@howe.com,68,Female,East Rachel,2025-03-13,No
PAT056,Amy Long,ycarter@odom-charles.com,52,Other,Lake Ashley,2022-09-13,Yes
PAT057,Karen Morgan,bkemp@harrington-garcia.info,28,Male,Lake Sandra,2025-03-06,No
PAT058,Javier Holland,bridget71@kelley.info,91,Male,Lake Michelle,2020-12-09,No
PAT059,James Smith,huertabrian@gmail.com,43,Female,Cabreraview,2020-05-20,Yes
PAT060,Tiffany Smith,walshdeanna@yahoo.com,18,Male,Christophershire,2020-08-12,Yes
PAT061,Rachel Russo,kaylaevans@sullivan-ford.com,81,Female,Kylefort,2022-03-10,Yes
PAT062,Andrew Fox,paula21@gmail.com,99,Male,Jenniferchester,2024-06-09,Yes
PAT063,Jason Brennan,andrea52@pearson.com,75,Other,New Mark,2021-02-28,Yes
PAT064,Valerie Castillo,rryan@hotmail.com,85,Female,Lake Ryanchester,2024-05-10,Yes
PAT065,Janet Miller,zarmstrong@shelton.info,45,Other,Frankbury,2023-10-18,No
PAT066,Joseph Martinez,turnerstephanie@martinez.info,4,Female,New Joyce,2023-12-06,No
PAT067,Tracey Miller,dianegould@gmail.com,17,Female,New Nicoleburgh,2020-07-24,No
PAT068,Robert Smith,lisa52@gay.info,53,Female,West Christina,2021-02-20,Yes
PAT069,Jessica Morales,llane@ali.com,65,Other,South Justinfort,2022-04-17,No
PAT070,Thomas James,michaelchapman@yahoo.com,62,Male,Hintonchester,2022-05-05,No
PAT071,Stephanie Hopkins,emorgan@kim.com,44,Female,Victorton,2024-02-01,No
PAT072,Penny Shepherd,amber97@hotmail.com,94,Female,Jeffreyside,2023-07-20,Yes
PAT073,Alicia Brown,trevor97@yahoo.com,78,Male,New Victor,2023-02-16,No
PAT074,Jack Burton,monique66@gmail.com,65,Female,Sandrafort,2020-11-01,Yes
PAT075,Kenneth Anthony,shannonbaker@hotmail.com,85,Female,North Caitlin,2020-09-24,Yes
PAT076,Karina Krause,herbert79@hotmail.com,77,Female,Joeton,2021-10-12,No
PAT077,Barbara Diaz,adam17@yahoo.com,82,Male,Smithfort,2023-08-03,No
PAT078,Veronica Callahan,krodriguez@hotmail.com,78,Female,Chenbury,2024-06-21,Yes
PAT079,Roy Robinson,christopherdominguez@gilmore-larson.biz,6,Female,Port Anthonyport,2021-01-06,No
PAT080,Natalie Medina,zdunlap@hotmail.com,42,Male,Pierceborough,2025-02-13,No
PAT081,Tracy Richardson,danahuang@brown.com,82,Male,Lake Alexis,2023-03-31,Yes
PAT082,Andrea Sanchez,millerjerry@gmail.com,60,Other,Sherriborough,2023-05-13,Yes
PAT083,David Bishop,jodi65@hotmail.com,11,Other,East Codymouth,2020-04-19,No
PAT084,Mitchell Mullins,walkereric@gmail.com,42,Male,West Linda,2023-03-06,No
PAT085,Connie Benson,john27@perry.com,49,Female,Port Bradyfurt,2021-09-03,No
PAT086,Scott Williams,robert82@gmail.com,52,Female,Steveton,2020-11-25,Yes
PAT087,Christopher Mccoy,tiffanyjuarez@yahoo.com,45,Female,Evelynfort,2024-01-26,No
PAT088,Gary Fields,carlos18@thomas-jordan.biz,49,Other,Amandaburgh,2022-08-19,No
PAT089,Samantha Smith,paulnavarro@yahoo.com,65,Male,Monicaburgh,2022-07-17,No
PAT090,Michelle Brown,timothy30@yahoo.com,59,Other,Baxterbury,2022-06-12,Yes
PAT091,Richard Krueger,yryan@gmail.com,33,Other,Albertville,2020-04-15,Yes
PAT092,Andre Torres,jasonmaldonado@gmail.com,2,Male,Powersville,2023-11-09,Yes
PAT093,Matthew Cox,fisherlisa@yahoo.com,90,Male,North Kimberly,2023-11-01,No
PAT094,Tyler Abbott,benjaminchurch@schmidt.com,51,Female,New Jacksonstad,2022-04-04,Yes
PAT095,Dr. Heather Shannon,logan69@glover-daugherty.biz,4,Other,Benjaminchester,2025-03-16,Yes
PAT096,Mackenzie Huffman,shannon11@gmail.com,37,Female,Nathanielburgh,2023-03-10,No
PAT097,Dana Gonzalez,tgarrison@gonzales.com,88,Female,Christopherbury,2022-03-13,Yes
PAT098,Evan Barton,willie95@hotmail.com,15,Female,New Alanstad,2022-04-22,No
PAT099,Cory Vaughan,austinjoseph@yahoo.com,41,Male,Port Ronald,2023-08-01,No
PAT100,Brandy Young,swashington@williams-hart.com,48,Female,West Clarence,2024-01-30,No
